{
    "portfolio" : [
        {
            "id" : 1,
            "projectname" : "Web Site",
            "desc" : "Molestias quam iure quia. Magni accusamus, itaque alias ipsa."
        },
        {
            "id" : 2,
            "projectname" : "App",
            "desc" : "Molestias quam iure quia. Magni accusamus, itaque alias ipsa."
        },
        {
            "id" : 3,
            "projectname" : "App",
            "desc" : " Molestias quam iure quia. Magni accusamus, itaque alias ipsa. Molestias quam iure quia. Magni accusamus, itaque alias ipsa. Molestias quam iure quia. Magni accusamus, itaque alias ipsa. Molestias quam iure quia. Magni accusamus, itaque alias ipsa. Molestias quam iure quia. Magni accusamus, itaque alias ipsa."
        },
        {
            "id" : 4,
            "projectname" : "Web App",
            "desc" : "Molestias quam iure quia. Magni accusamus, itaque alias ipsa."
        },
        {
            "id" : 5,
            "projectname" : "App",
            "desc" : "Molestias quam iure quia. Magni accusamus, itaque alias ipsa."
        },
        {
            "id" : 6,
            "projectname" : "App",
            "desc" : "Molestias quam iure quia. Magni accusamus, itaque alias ipsa."
        },
        {
            "id" : 7,
            "projectname" : "App",
            "desc" : "Molestias quam iure quia. Magni accusamus, itaque alias ipsa."
        },
        {
            "id" : 8,
            "projectname" : "App",
            "desc" : "Molestias quam iure quia. Magni accusamus, itaque alias ipsa."
        }
    ]
}